meta,position,year_span,player_link
Rodney Adams (WR) 2021-2021,WR,2021-2021,https://www.pro-football-reference.com/players/A/AdamRo01.htm
Jordan Addison (WR) 2023-2023,WR,2023-2023,https://www.pro-football-reference.com/players/A/AddiJo00.htm
Brandon Aiyuk (WR) 2020-2023,WR,2020-2023,https://www.pro-football-reference.com/players/A/AiyuBr00.htm
Landen Akers (WR) 2021-2021,WR,2021-2021,https://www.pro-football-reference.com/players/A/AkerLa00.htm
Maurice Alexander (WR) 2022-2022,WR,2022-2022,https://www.pro-football-reference.com/players/A/AlexMa02.htm
Josh Ali (WR) 2022-2022,WR,2022-2022,https://www.pro-football-reference.com/players/A/AlixJo00.htm
Devon Allen (WR) 2023-2023,WR,2023-2023,https://www.pro-football-reference.com/players/A/AlleDe02.htm
JJ Arcega-Whiteside (WR) 2019-2021,WR,2019-2021,https://www.pro-football-reference.com/players/A/ArceJJ00.htm
Dan Arnold (WR) 2018-2022,WR,2018-2022,https://www.pro-football-reference.com/players/A/ArnoDa00.htm
Marcell Ateman (WR) 2018-2021,WR,2018-2021,https://www.pro-football-reference.com/players/A/AtemMa00.htm
Tutu Atwell (WR) 2021-2023,WR,2021-2023,https://www.pro-football-reference.com/players/A/AtweTu00.htm
Calvin Austin (WR) 2023-2023,WR,2023-2023,https://www.pro-football-reference.com/players/A/AustCa00.htm
Andre Baccellia (WR) 2022-2022,WR,2022-2022,https://www.pro-football-reference.com/players/B/BaccAn00.htm
Alex Bachman (WR) 2020-2021,WR,2020-2021,https://www.pro-football-reference.com/players/B/BachAl00.htm
Jeff Badet (WR) 2020-2020,WR,2020-2020,https://www.pro-football-reference.com/players/B/BadeJe00.htm
Kawaan Baker (WR) 2021-2021,WR,2021-2021,https://www.pro-football-reference.com/players/B/BakeKa00.htm
Daylen Baldwin (WR) 2022-2022,WR,2022-2022,https://www.pro-football-reference.com/players/B/BaldDa01.htm
Michael Bandy (WR) 2021-2022,WR,2021-2022,https://www.pro-football-reference.com/players/B/BandMi00.htm
Rashod Bateman (WR) 2021-2023,WR,2021-2023,https://www.pro-football-reference.com/players/B/BateRa00.htm
Cameron Batson (WR) 2018-2021,WR,2018-2021,https://www.pro-football-reference.com/players/B/BatsCa00.htm
Chad Beebe (WR) 2018-2020,WR,2018-2020,https://www.pro-football-reference.com/players/B/BeebCh00.htm
Reggie Begelton (WR) 2020-2020,WR,2020-2020,https://www.pro-football-reference.com/players/B/BegeRe00.htm
David Bell (WR) 2022-2023,WR,2022-2023,https://www.pro-football-reference.com/players/B/BellDa02.htm
Ronnie Bell (WR) 2023-2023,WR,2023-2023,https://www.pro-football-reference.com/players/B/BellRo01.htm
Trinity Benson (WR) 2021-2022,WR,2021-2022,https://www.pro-football-reference.com/players/B/BensTr00.htm
Jared Bernhardt (WR) 2022-2022,WR,2022-2022,https://www.pro-football-reference.com/players/B/BernJa00.htm
Braxton Berrios (WR) 2019-2023,WR,2019-2023,https://www.pro-football-reference.com/players/B/BerrBr00.htm
Stanley Berryhill (WR) 2022-2022,WR,2022-2022,https://www.pro-football-reference.com/players/B/BerrSt00.htm
Tarik Black (WR) 2021-2021,WR,2021-2021,https://www.pro-football-reference.com/players/B/BlacTa00.htm
Saeed Blacknall (WR) 2018-2018,WR,2018-2018,https://www.pro-football-reference.com/players/B/BlacSa00.htm
Christian Blake (WR) 2019-2021,WR,2019-2021,https://www.pro-football-reference.com/players/B/BlakCh00.htm
C.J. Board (WR) 2019-2022,WR,2019-2022,https://www.pro-football-reference.com/players/B/BoarC.00.htm
Jake Bobo (WR) 2023-2023,WR,2023-2023,https://www.pro-football-reference.com/players/B/BoboJa00.htm
Kayshon Boutte (WR) 2023-2023,WR,2023-2023,https://www.pro-football-reference.com/players/B/BoutKa00.htm
Lynn Bowden Jr. (WR) 2020-2023,WR,2020-2023,https://www.pro-football-reference.com/players/B/BowdLy00.htm
Miles Boykin (WR) 2019-2023,WR,2019-2023,https://www.pro-football-reference.com/players/B/BoykMi00.htm
Ja'Marcus Bradley (WR) 2020-2021,WR,2020-2021,https://www.pro-football-reference.com/players/B/BradJa01.htm
Jalen Brooks (WR) 2023-2023,WR,2023-2023,https://www.pro-football-reference.com/players/B/BrooJa03.htm
A.J. Brown (WR) 2019-2023,WR,2019-2023,https://www.pro-football-reference.com/players/B/BrowAJ00.htm
Dyami Brown (WR) 2021-2023,WR,2021-2023,https://www.pro-football-reference.com/players/B/BrowDy00.htm
Fred Brown (WR) 2019-2020,WR,2019-2020,https://www.pro-football-reference.com/players/B/BrowFr01.htm
Marquise Brown (WR) 2019-2023,WR,2019-2023,https://www.pro-football-reference.com/players/B/BrowMa04.htm
Tony Brown (WR) 2020-2020,WR,2020-2020,https://www.pro-football-reference.com/players/B/BrowTo03.htm
Ventell Bryant (WR) 2019-2019,WR,2019-2019,https://www.pro-football-reference.com/players/B/BryaVe00.htm
Treylon Burks (WR) 2022-2023,WR,2022-2023,https://www.pro-football-reference.com/players/B/BurkTr00.htm
Deontay Burnett (WR) 2018-2020,WR,2018-2020,https://www.pro-football-reference.com/players/B/BurnDe00.htm
Deante Burton (WR) 2018-2021,WR,2018-2021,https://www.pro-football-reference.com/players/B/BurtDe00.htm
Hakeem Butler (WR) 2020-2020,WR,2020-2020,https://www.pro-football-reference.com/players/B/ButlHa00.htm
Lawrence Cager (WR) 2020-2023,WR,2020-2023,https://www.pro-football-reference.com/players/C/CageLa01.htm
Deon Cain (WR) 2019-2020,WR,2019-2020,https://www.pro-football-reference.com/players/C/CainDe00.htm
Antonio Callaway (WR) 2018-2020,WR,2018-2020,https://www.pro-football-reference.com/players/C/CallAn00.htm
Marquez Callaway (WR) 2020-2022,WR,2020-2022,https://www.pro-football-reference.com/players/C/CallMa01.htm
Jalen Camp (WR) 2021-2022,WR,2021-2022,https://www.pro-football-reference.com/players/C/CampJa03.htm
Parris Campbell (WR) 2019-2023,WR,2019-2023,https://www.pro-football-reference.com/players/C/CampPa00.htm
DeAndre Carter (WR) 2018-2023,WR,2018-2023,https://www.pro-football-reference.com/players/C/CartDe02.htm
Quintez Cephus (WR) 2020-2022,WR,2020-2022,https://www.pro-football-reference.com/players/C/CephQu00.htm
DJ Chark (WR) 2018-2023,WR,2018-2023,https://www.pro-football-reference.com/players/C/CharDJ00.htm
Ja'Marr Chase (WR) 2021-2023,WR,2021-2023,https://www.pro-football-reference.com/players/C/ChasJa00.htm
Dan Chisena (WR) 2020-2022,WR,2020-2022,https://www.pro-football-reference.com/players/C/ChisDa00.htm
Chase Claypool (WR) 2020-2023,WR,2020-2023,https://www.pro-football-reference.com/players/C/ClayCh01.htm
Tyrie Cleveland (WR) 2020-2022,WR,2020-2022,https://www.pro-football-reference.com/players/C/ClevTy00.htm
Matt Cole (WR) 2020-2021,WR,2020-2021,https://www.pro-football-reference.com/players/C/ColeMa03.htm
Nico Collins (WR) 2021-2023,WR,2021-2023,https://www.pro-football-reference.com/players/C/CollNi00.htm
Jeff Cotton (WR) 2021-2021,WR,2021-2021,https://www.pro-football-reference.com/players/C/CottJe00.htm
Isaiah Coulter (WR) 2020-2021,WR,2020-2021,https://www.pro-football-reference.com/players/C/CoulIs00.htm
Keke Coutee (WR) 2018-2022,WR,2018-2022,https://www.pro-football-reference.com/players/C/CoutKe00.htm
Britain Covey (WR) 2022-2023,WR,2022-2023,https://www.pro-football-reference.com/players/C/CoveBr00.htm
River Cracraft (WR) 2018-2023,WR,2018-2023,https://www.pro-football-reference.com/players/C/CracRi00.htm
Frank Darby (WR) 2021-2022,WR,2021-2022,https://www.pro-football-reference.com/players/D/DarbFr00.htm
Jaelon Darden (WR) 2021-2022,WR,2021-2022,https://www.pro-football-reference.com/players/D/DardJa00.htm
Davion Davis (WR) 2019-2021,WR,2019-2021,https://www.pro-football-reference.com/players/D/DaviDa03.htm
Derius Davis (WR) 2023-2023,WR,2023-2023,https://www.pro-football-reference.com/players/D/DaviDe02.htm
Gabriel Davis (WR) 2020-2023,WR,2020-2023,https://www.pro-football-reference.com/players/D/DaviGa01.htm
Jawill Davis (WR) 2018-2018,WR,2018-2018,https://www.pro-football-reference.com/players/D/DaviJa07.htm
Rashard Davis (WR) 2019-2019,WR,2019-2019,https://www.pro-football-reference.com/players/D/DaviRa01.htm
Tank Dell (WR) 2023-2023,WR,2023-2023,https://www.pro-football-reference.com/players/D/DellNa00.htm
Gehrig Dieter (WR) 2018-2020,WR,2018-2020,https://www.pro-football-reference.com/players/D/DietGe00.htm
Greg Dortch (WR) 2019-2023,WR,2019-2023,https://www.pro-football-reference.com/players/D/DortGr01.htm
Keelan Doss (WR) 2019-2023,WR,2019-2023,https://www.pro-football-reference.com/players/D/DossKe00.htm
Jahan Dotson (WR) 2022-2023,WR,2022-2023,https://www.pro-football-reference.com/players/D/DotsJa00.htm
Romeo Doubs (WR) 2022-2023,WR,2022-2023,https://www.pro-football-reference.com/players/D/DoubRo00.htm
Demario Douglas (WR) 2023-2023,WR,2023-2023,https://www.pro-football-reference.com/players/D/DougDe00.htm
Colton Dowell (WR) 2023-2023,WR,2023-2023,https://www.pro-football-reference.com/players/D/DoweCo00.htm
Josh Downs (WR) 2023-2023,WR,2023-2023,https://www.pro-football-reference.com/players/D/DownJo00.htm
Ashton Dulin (WR) 2019-2022,WR,2019-2022,https://www.pro-football-reference.com/players/D/DuliAs00.htm
Steven Dunbar (WR) 2018-2018,WR,2018-2018,https://www.pro-football-reference.com/players/D/DunbSt00.htm
Malachi Dupre (WR) 2018-2018,WR,2018-2018,https://www.pro-football-reference.com/players/D/DuprMa01.htm
Devin Duvernay (WR) 2020-2023,WR,2020-2023,https://www.pro-football-reference.com/players/D/DuveDe00.htm
Bryan Edwards (WR) 2020-2022,WR,2020-2022,https://www.pro-football-reference.com/players/E/EdwaBr01.htm
D'Wayne Eskridge (WR) 2021-2022,WR,2021-2022,https://www.pro-football-reference.com/players/E/EskrDW00.htm
Erik Ezukanma (WR) 2022-2023,WR,2022-2023,https://www.pro-football-reference.com/players/E/EzukEr00.htm
Simi Fehoko (WR) 2021-2023,WR,2021-2023,https://www.pro-football-reference.com/players/F/FehoSi00.htm
Ethan Fernea (WR) 2022-2022,WR,2022-2022,https://www.pro-football-reference.com/players/F/FernEt00.htm
Maurice Ffrench (WR) 2021-2021,WR,2021-2021,https://www.pro-football-reference.com/players/F/FfreMa00.htm
Dez Fitzpatrick (WR) 2021-2023,WR,2021-2023,https://www.pro-football-reference.com/players/F/FitzDe00.htm
Zay Flowers (WR) 2023-2023,WR,2023-2023,https://www.pro-football-reference.com/players/F/FlowZa00.htm
Isaiah Ford (WR) 2018-2021,WR,2018-2021,https://www.pro-football-reference.com/players/F/FordIs00.htm
Robert Foster (WR) 2018-2020,WR,2018-2020,https://www.pro-football-reference.com/players/F/FostRo01.htm
Daurice Fountain (WR) 2018-2021,WR,2018-2021,https://www.pro-football-reference.com/players/F/FounDa00.htm
Travis Fulgham (WR) 2019-2021,WR,2019-2021,https://www.pro-football-reference.com/players/F/FulgTr00.htm
Aaron Fuller (WR) 2021-2021,WR,2021-2021,https://www.pro-football-reference.com/players/F/FullAa01.htm
Rico Gafford (WR) 2018-2020,WR,2018-2020,https://www.pro-football-reference.com/players/G/GaffRi00.htm
Russell Gage (WR) 2018-2022,WR,2018-2022,https://www.pro-football-reference.com/players/G/GageRu00.htm
Michael Gallup (WR) 2018-2023,WR,2018-2023,https://www.pro-football-reference.com/players/G/GallMi00.htm
Antonio Gandy-Golden (WR) 2020-2021,WR,2020-2021,https://www.pro-football-reference.com/players/G/GandAn00.htm
Kaylon Geiger (WR) 2022-2022,WR,2022-2022,https://www.pro-football-reference.com/players/G/GeigKa00.htm
Xavier Gipson (WR) 2023-2023,WR,2023-2023,https://www.pro-football-reference.com/players/G/GipsXa00.htm
Terry Godwin (WR) 2020-2020,WR,2020-2020,https://www.pro-football-reference.com/players/G/GodwTe00.htm
Janarion Grant (WR) 2018-2018,WR,2018-2018,https://www.pro-football-reference.com/players/G/GranJa01.htm
Danny Gray (WR) 2022-2022,WR,2022-2022,https://www.pro-football-reference.com/players/G/GrayDa02.htm
Cyril Grayson (WR) 2019-2021,WR,2019-2021,https://www.pro-football-reference.com/players/G/GrayCy01.htm
Antoine Green (WR) 2023-2023,WR,2023-2023,https://www.pro-football-reference.com/players/G/GreeAn00.htm
Jalen Guyton (WR) 2019-2022,WR,2019-2022,https://www.pro-football-reference.com/players/G/GuytJa01.htm
DaeSean Hamilton (WR) 2018-2020,WR,2018-2020,https://www.pro-football-reference.com/players/H/HamiDa01.htm
KJ Hamler (WR) 2020-2022,WR,2020-2022,https://www.pro-football-reference.com/players/H/HamlKJ00.htm
Josh Hammond (WR) 2021-2021,WR,2021-2021,https://www.pro-football-reference.com/players/H/HammJo00.htm
Mecole Hardman (WR) 2019-2023,WR,2019-2023,https://www.pro-football-reference.com/players/H/HardMe00.htm
Kelvin Harmon (WR) 2019-2019,WR,2019-2019,https://www.pro-football-reference.com/players/H/HarmKe00.htm
DeMichael Harris (WR) 2020-2021,WR,2020-2021,https://www.pro-football-reference.com/players/H/HarrDe09.htm
Jacob Harris (WR) 2021-2023,WR,2021-2023,https://www.pro-football-reference.com/players/H/HarrJa03.htm
N'Keal Harry (WR) 2019-2023,WR,2019-2023,https://www.pro-football-reference.com/players/H/HarrNK00.htm
Penny Hart (WR) 2020-2022,WR,2020-2022,https://www.pro-football-reference.com/players/H/HartPe01.htm
Deonte Harty (WR) 2019-2023,WR,2019-2023,https://www.pro-football-reference.com/players/H/HarrDe07.htm
Keon Hatcher (WR) 2018-2018,WR,2018-2018,https://www.pro-football-reference.com/players/H/HatcKe00.htm
Malik Heath (WR) 2023-2023,WR,2023-2023,https://www.pro-football-reference.com/players/H/HeatMa00.htm
Quadree Henderson (WR) 2018-2018,WR,2018-2018,https://www.pro-football-reference.com/players/H/HendQu00.htm
Tee Higgins (WR) 2020-2023,WR,2020-2023,https://www.pro-football-reference.com/players/H/HiggTe00.htm
John Hightower (WR) 2020-2021,WR,2020-2021,https://www.pro-football-reference.com/players/H/HighJo00.htm
K.J. Hill (WR) 2020-2021,WR,2020-2021,https://www.pro-football-reference.com/players/H/HillKJ00.htm
Kendall Hinton (WR) 2020-2022,WR,2020-2022,https://www.pro-football-reference.com/players/H/HintKe00.htm
KhaDarel Hodge (WR) 2018-2023,WR,2018-2023,https://www.pro-football-reference.com/players/H/HodgKh00.htm
Isaiah Hodgins (WR) 2021-2023,WR,2021-2023,https://www.pro-football-reference.com/players/H/HodgIs00.htm
Alexander Hollins (WR) 2019-2019,WR,2019-2019,https://www.pro-football-reference.com/players/H/HollAl00.htm
Cody Hollister (WR) 2019-2022,WR,2019-2022,https://www.pro-football-reference.com/players/H/HollCo00.htm
Jesper Horsted (WR) 2019-2023,WR,2019-2023,https://www.pro-football-reference.com/players/H/HorsJe00.htm
Dennis Houston (WR) 2022-2022,WR,2022-2022,https://www.pro-football-reference.com/players/H/HousDe01.htm
Lil'Jordan Humphrey (WR) 2019-2023,WR,2019-2023,https://www.pro-football-reference.com/players/H/HumpLi01.htm
Xavier Hutchinson (WR) 2023-2023,WR,2023-2023,https://www.pro-football-reference.com/players/H/HutcXa00.htm
Jalin Hyatt (WR) 2023-2023,WR,2023-2023,https://www.pro-football-reference.com/players/H/HyatJa00.htm
Ishmael Hyman (WR) 2019-2019,WR,2019-2019,https://www.pro-football-reference.com/players/H/HymaIs00.htm
Andrei Iosivas (WR) 2023-2023,WR,2023-2023,https://www.pro-football-reference.com/players/I/IosiAn00.htm
Trenton Irwin (WR) 2019-2023,WR,2019-2023,https://www.pro-football-reference.com/players/I/IrwiTr00.htm
Andy Isabella (WR) 2019-2022,WR,2019-2022,https://www.pro-football-reference.com/players/I/IsabAn00.htm
Kearis Jackson (WR) 2023-2023,WR,2023-2023,https://www.pro-football-reference.com/players/J/JackKe02.htm
Trishton Jackson (WR) 2023-2023,WR,2023-2023,https://www.pro-football-reference.com/players/J/JackTr02.htm
Richie James (WR) 2018-2023,WR,2018-2023,https://www.pro-football-reference.com/players/J/JameRi00.htm
Rakim Jarrett (WR) 2023-2023,WR,2023-2023,https://www.pro-football-reference.com/players/J/JarrRa00.htm
Justin Jefferson (WR) 2020-2023,WR,2020-2023,https://www.pro-football-reference.com/players/J/JeffJu00.htm
Van Jefferson (WR) 2020-2023,WR,2020-2023,https://www.pro-football-reference.com/players/J/JeffVa00.htm
Gary Jennings Jr (WR) 2019-2019,WR,2019-2019,https://www.pro-football-reference.com/players/J/JennGa00.htm
Jauan Jennings (WR) 2021-2023,WR,2021-2023,https://www.pro-football-reference.com/players/J/JennJa00.htm
Jerry Jeudy (WR) 2020-2023,WR,2020-2023,https://www.pro-football-reference.com/players/J/JeudJe00.htm
Brandon Johnson (WR) 2022-2023,WR,2022-2023,https://www.pro-football-reference.com/players/J/JohnBr23.htm
Cade Johnson (WR) 2022-2022,WR,2022-2022,https://www.pro-football-reference.com/players/J/JohnCa03.htm
Collin Johnson (WR) 2020-2021,WR,2020-2021,https://www.pro-football-reference.com/players/J/JohnCo01.htm
Diontae Johnson (WR) 2019-2023,WR,2019-2023,https://www.pro-football-reference.com/players/J/JohnDi01.htm
Johnny Johnson (WR) 2022-2022,WR,2022-2022,https://www.pro-football-reference.com/players/J/JohnJo12.htm
Juwan Johnson (WR) 2020-2023,WR,2020-2023,https://www.pro-football-reference.com/players/J/JohnJu02.htm
KeeSean Johnson (WR) 2019-2021,WR,2019-2021,https://www.pro-football-reference.com/players/J/JohnKe07.htm
Olabisi Johnson (WR) 2019-2020,WR,2019-2020,https://www.pro-football-reference.com/players/J/JohnOl00.htm
Tyler Johnson (WR) 2020-2022,WR,2020-2022,https://www.pro-football-reference.com/players/J/JohnTy00.htm
Tyron Johnson (WR) 2020-2022,WR,2020-2022,https://www.pro-football-reference.com/players/J/JohnTy03.htm
Quentin Johnston (WR) 2023-2023,WR,2023-2023,https://www.pro-football-reference.com/players/J/JohnQu02.htm
Charlie Jones (WR) 2023-2023,WR,2023-2023,https://www.pro-football-reference.com/players/J/JoneCh11.htm
JJ Jones (WR) 2018-2018,WR,2018-2018,https://www.pro-football-reference.com/players/J/JoneJJ00.htm
Tevin Jones (WR) 2019-2019,WR,2019-2019,https://www.pro-football-reference.com/players/J/JoneTe02.htm
Tim Jones (WR) 2022-2023,WR,2022-2023,https://www.pro-football-reference.com/players/J/JoneTi00.htm
Velus Jones Jr. (WR) 2022-2023,WR,2022-2023,https://www.pro-football-reference.com/players/J/JoneVe00.htm
Tom Kennedy (WR) 2019-2022,WR,2019-2022,https://www.pro-football-reference.com/players/K/KennTo01.htm
Darvin Kidsy (WR) 2018-2019,WR,2018-2019,https://www.pro-football-reference.com/players/K/KidsDa00.htm
Mason Kinsey (WR) 2021-2023,WR,2021-2023,https://www.pro-football-reference.com/players/K/KinsMa00.htm
Christian Kirk (WR) 2018-2023,WR,2018-2023,https://www.pro-football-reference.com/players/K/KirkCh01.htm
Keith Kirkwood (WR) 2018-2023,WR,2018-2023,https://www.pro-football-reference.com/players/K/KirkKe00.htm
J.J. Koski (WR) 2021-2021,WR,2021-2021,https://www.pro-football-reference.com/players/K/KoskJJ00.htm
Jake Kumerow (WR) 2018-2022,WR,2018-2022,https://www.pro-football-reference.com/players/K/KumeJa00.htm
Chris Lacy (WR) 2018-2019,WR,2018-2019,https://www.pro-football-reference.com/players/L/LacyCh00.htm
CeeDee Lamb (WR) 2020-2023,WR,2020-2023,https://www.pro-football-reference.com/players/L/LambCe00.htm
Kwamie Lassiter II (WR) 2022-2022,WR,2022-2022,https://www.pro-football-reference.com/players/L/LassKw00.htm
Allen Lazard (WR) 2018-2023,WR,2018-2023,https://www.pro-football-reference.com/players/L/LazaAl00.htm
Drake London (WR) 2022-2023,WR,2022-2023,https://www.pro-football-reference.com/players/L/LondDr00.htm
Austin Mack (WR) 2020-2020,WR,2020-2020,https://www.pro-football-reference.com/players/M/MackAu01.htm
Terrace Marshall Jr. (WR) 2021-2023,WR,2021-2023,https://www.pro-football-reference.com/players/M/MarsTe00.htm
Tay Martin (WR) 2022-2022,WR,2022-2022,https://www.pro-football-reference.com/players/M/MartTa00.htm
Riley McCarron (WR) 2018-2018,WR,2018-2018,https://www.pro-football-reference.com/players/M/McCaRi00.htm
Ray-Ray McCloud (WR) 2018-2023,WR,2018-2023,https://www.pro-football-reference.com/players/M/McClRa00.htm
Lance McCutcheon (WR) 2022-2022,WR,2022-2022,https://www.pro-football-reference.com/players/M/McCuLa01.htm
Codey McElroy (WR) 2019-2021,WR,2019-2021,https://www.pro-football-reference.com/players/M/McElCo00.htm
Kyric McGowan (WR) 2022-2022,WR,2022-2022,https://www.pro-football-reference.com/players/M/McGoKy00.htm
Terry McLaurin (WR) 2019-2023,WR,2019-2023,https://www.pro-football-reference.com/players/M/McLaTe00.htm
Racey McMath (WR) 2021-2022,WR,2021-2022,https://www.pro-football-reference.com/players/M/McMaRa00.htm
Kirk Merritt (WR) 2020-2023,WR,2020-2023,https://www.pro-football-reference.com/players/M/MerrKi00.htm
D.K. Metcalf (WR) 2019-2023,WR,2019-2023,https://www.pro-football-reference.com/players/M/MetcDK00.htm
John Metchie (WR) 2023-2023,WR,2023-2023,https://www.pro-football-reference.com/players/M/MetcJo00.htm
Jakobi Meyers (WR) 2019-2023,WR,2019-2023,https://www.pro-football-reference.com/players/M/MeyeJa01.htm
Marken Michel (WR) 2020-2020,WR,2020-2020,https://www.pro-football-reference.com/players/M/MichMa00.htm
Anthony Miller (WR) 2018-2021,WR,2018-2021,https://www.pro-football-reference.com/players/M/MillAn02.htm
Scott Miller (WR) 2019-2023,WR,2019-2023,https://www.pro-football-reference.com/players/M/MillSc01.htm
Dax Milne (WR) 2021-2022,WR,2021-2022,https://www.pro-football-reference.com/players/M/MilnDa00.htm
Denzel Mims (WR) 2020-2022,WR,2020-2022,https://www.pro-football-reference.com/players/M/MimsDe00.htm
Marvin Mims (WR) 2023-2023,WR,2023-2023,https://www.pro-football-reference.com/players/M/MimsMa00.htm
Jonathan Mingo (WR) 2023-2023,WR,2023-2023,https://www.pro-football-reference.com/players/M/MingJo00.htm
Myron Mitchell (WR) 2021-2021,WR,2021-2021,https://www.pro-football-reference.com/players/M/MitcMy00.htm
Steven Mitchell (WR) 2018-2020,WR,2018-2020,https://www.pro-football-reference.com/players/M/MitcSt02.htm
D.J. Montgomery (WR) 2021-2021,WR,2021-2021,https://www.pro-football-reference.com/players/M/MontDJ01.htm
Darnell Mooney (WR) 2020-2023,WR,2020-2023,https://www.pro-football-reference.com/players/M/MoonDa00.htm
D.J. Moore (WR) 2018-2023,WR,2018-2023,https://www.pro-football-reference.com/players/M/MoorD.00.htm
Elijah Moore (WR) 2021-2023,WR,2021-2023,https://www.pro-football-reference.com/players/M/MoorEl00.htm
J'Mon Moore (WR) 2018-2018,WR,2018-2018,https://www.pro-football-reference.com/players/M/MoorJM00.htm
Jason Moore (WR) 2019-2022,WR,2019-2022,https://www.pro-football-reference.com/players/M/MoorJa02.htm
Rondale Moore (WR) 2021-2023,WR,2021-2023,https://www.pro-football-reference.com/players/M/MoorRo02.htm
Skyy Moore (WR) 2022-2023,WR,2022-2023,https://www.pro-football-reference.com/players/M/MoorSk01.htm
Stanley Morgan Jr. (WR) 2019-2022,WR,2019-2022,https://www.pro-football-reference.com/players/M/MorgSt02.htm
Puka Nacua (WR) 2023-2023,WR,2023-2023,https://www.pro-football-reference.com/players/N/NacuPu00.htm
Jalen Nailor (WR) 2022-2023,WR,2022-2023,https://www.pro-football-reference.com/players/N/NailJa00.htm
Dazz Newsome (WR) 2021-2021,WR,2021-2021,https://www.pro-football-reference.com/players/N/NewsDa00.htm
Chris Olave (WR) 2022-2023,WR,2022-2023,https://www.pro-football-reference.com/players/O/OlavCh00.htm
Gunner Olszewski (WR) 2019-2023,WR,2019-2023,https://www.pro-football-reference.com/players/O/OlszGu00.htm
K.J. Osborn (WR) 2020-2023,WR,2020-2023,https://www.pro-football-reference.com/players/O/OsboKJ00.htm
Josh Palmer (WR) 2021-2023,WR,2021-2023,https://www.pro-football-reference.com/players/P/PalmJo00.htm
Trey Palmer (WR) 2023-2023,WR,2023-2023,https://www.pro-football-reference.com/players/P/PalmTr00.htm
Aaron Parker (WR) 2021-2021,WR,2021-2021,https://www.pro-football-reference.com/players/P/ParkAa01.htm
Zach Pascal (WR) 2018-2023,WR,2018-2023,https://www.pro-football-reference.com/players/P/PascZa00.htm
Dezmon Patmon (WR) 2020-2022,WR,2020-2022,https://www.pro-football-reference.com/players/P/PatmDe00.htm
Tim Patrick (WR) 2018-2021,WR,2018-2021,https://www.pro-football-reference.com/players/P/PatrTi00.htm
Andre Patton (WR) 2019-2019,WR,2019-2019,https://www.pro-football-reference.com/players/P/PattAn00.htm
Donovan Peoples-Jones (WR) 2020-2023,WR,2020-2023,https://www.pro-football-reference.com/players/P/PeopDo00.htm
Malcolm Perry (WR) 2020-2020,WR,2020-2020,https://www.pro-football-reference.com/players/P/PerrMa00.htm
Dante Pettis (WR) 2018-2022,WR,2018-2022,https://www.pro-football-reference.com/players/P/PettDa00.htm
Kyle Philips (WR) 2022-2022,WR,2022-2022,https://www.pro-football-reference.com/players/P/PhilKy01.htm
Cam Phillips (WR) 2018-2018,WR,2018-2018,https://www.pro-football-reference.com/players/P/PhilCa01.htm
George Pickens (WR) 2022-2023,WR,2022-2023,https://www.pro-football-reference.com/players/P/PickGe00.htm
Alec Pierce (WR) 2022-2023,WR,2022-2023,https://www.pro-football-reference.com/players/P/PierAl00.htm
Michael Pittman Jr. (WR) 2020-2023,WR,2020-2023,https://www.pro-football-reference.com/players/P/PittMi01.htm
Brandon Powell (WR) 2018-2023,WR,2018-2023,https://www.pro-football-reference.com/players/P/PoweBr00.htm
Cornell Powell (WR) 2022-2022,WR,2022-2022,https://www.pro-football-reference.com/players/P/PoweCo00.htm
Byron Pringle (WR) 2019-2023,WR,2019-2023,https://www.pro-football-reference.com/players/P/PrinBy00.htm
James Proche (WR) 2020-2022,WR,2020-2022,https://www.pro-football-reference.com/players/P/ProcJa00.htm
Trey Quinn (WR) 2018-2020,WR,2018-2020,https://www.pro-football-reference.com/players/Q/QuinTr00.htm
Damion Ratley (WR) 2018-2020,WR,2018-2020,https://www.pro-football-reference.com/players/R/RatlDa00.htm
Jalen Reagor (WR) 2020-2022,WR,2020-2022,https://www.pro-football-reference.com/players/R/ReagJa00.htm
Jayden Reed (WR) 2023-2023,WR,2023-2023,https://www.pro-football-reference.com/players/R/ReedJa03.htm
Joe Reed (WR) 2020-2020,WR,2020-2020,https://www.pro-football-reference.com/players/R/ReedJo03.htm
Hunter Renfrow (WR) 2019-2023,WR,2019-2023,https://www.pro-football-reference.com/players/R/RenfHu00.htm
Rashee Rice (WR) 2023-2023,WR,2023-2023,https://www.pro-football-reference.com/players/R/RiceRa01.htm
Calvin Ridley (WR) 2018-2023,WR,2018-2023,https://www.pro-football-reference.com/players/R/RidlCa00.htm
Riley Ridley (WR) 2019-2020,WR,2019-2020,https://www.pro-football-reference.com/players/R/RidlRi00.htm
Wan'Dale Robinson (WR) 2022-2023,WR,2022-2023,https://www.pro-football-reference.com/players/R/RobiWa01.htm
Amari Rodgers (WR) 2021-2023,WR,2021-2023,https://www.pro-football-reference.com/players/R/RodgAm00.htm
Justyn Ross (WR) 2023-2023,WR,2023-2023,https://www.pro-football-reference.com/players/R/RossJu00.htm
Chris Rowland (WR) 2020-2020,WR,2020-2020,https://www.pro-football-reference.com/players/R/RowlCh00.htm
Henry Ruggs III (WR) 2020-2021,WR,2020-2021,https://www.pro-football-reference.com/players/R/RuggHe00.htm
Alonzo Russell (WR) 2018-2018,WR,2018-2018,https://www.pro-football-reference.com/players/R/RussAl01.htm
Deebo Samuel (WR) 2019-2023,WR,2019-2023,https://www.pro-football-reference.com/players/S/SamuDe00.htm
Braylon Sanders (WR) 2022-2022,WR,2022-2022,https://www.pro-football-reference.com/players/S/SandBr00.htm
C.J. Saunders (WR) 2021-2021,WR,2021-2021,https://www.pro-football-reference.com/players/S/SaunCJ00.htm
Spencer Schnell (WR) 2019-2019,WR,2019-2019,https://www.pro-football-reference.com/players/S/SchnSp00.htm
Anthony Schwartz (WR) 2021-2022,WR,2021-2022,https://www.pro-football-reference.com/players/S/SchwAn00.htm
Da'Mari Scott (WR) 2018-2019,WR,2018-2019,https://www.pro-football-reference.com/players/S/ScotDa02.htm
Jaleel Scott (WR) 2019-2020,WR,2019-2020,https://www.pro-football-reference.com/players/S/ScotJa02.htm
Tyler Scott (WR) 2023-2023,WR,2023-2023,https://www.pro-football-reference.com/players/S/ScotTy00.htm
Rashid Shaheed (WR) 2022-2023,WR,2022-2023,https://www.pro-football-reference.com/players/S/ShahRa00.htm
Khalil Shakir (WR) 2022-2023,WR,2022-2023,https://www.pro-football-reference.com/players/S/ShakKh00.htm
Laviska Shenault Jr. (WR) 2020-2023,WR,2020-2023,https://www.pro-football-reference.com/players/S/ShenLa00.htm
Darrius Shepherd (WR) 2019-2020,WR,2019-2020,https://www.pro-football-reference.com/players/S/ShepDa00.htm
Trent Sherfield (WR) 2018-2023,WR,2018-2023,https://www.pro-football-reference.com/players/S/SherTr00.htm
David Sills (WR) 2021-2022,WR,2021-2022,https://www.pro-football-reference.com/players/S/SillDa01.htm
Cam Sims (WR) 2018-2022,WR,2018-2022,https://www.pro-football-reference.com/players/S/SimsCa00.htm
Steven Sims (WR) 2019-2022,WR,2019-2022,https://www.pro-football-reference.com/players/S/SimsSt00.htm
Ben Skowronek (WR) 2021-2023,WR,2021-2023,https://www.pro-football-reference.com/players/S/SkowBe00.htm
Darius Slayton (WR) 2019-2023,WR,2019-2023,https://www.pro-football-reference.com/players/S/SlayDa01.htm
DeVonta Smith (WR) 2021-2023,WR,2021-2023,https://www.pro-football-reference.com/players/S/SmitDe07.htm
Jeff Smith (WR) 2019-2022,WR,2019-2022,https://www.pro-football-reference.com/players/S/SmitJe03.htm
Shi Smith (WR) 2021-2022,WR,2021-2022,https://www.pro-football-reference.com/players/S/SmitSh03.htm
Tre'Quan Smith (WR) 2018-2022,WR,2018-2022,https://www.pro-football-reference.com/players/S/SmitTr03.htm
Vyncint Smith (WR) 2018-2021,WR,2018-2021,https://www.pro-football-reference.com/players/S/SmitVy00.htm
Ihmir Smith-Marsette (WR) 2021-2023,WR,2021-2023,https://www.pro-football-reference.com/players/S/SmitIh00.htm
Jaxon Smith-Njigba (WR) 2023-2023,WR,2023-2023,https://www.pro-football-reference.com/players/S/SmitJa06.htm
Diontae Spencer (WR) 2019-2021,WR,2019-2021,https://www.pro-football-reference.com/players/S/SpenDi00.htm
Amon-Ra St. Brown (WR) 2021-2023,WR,2021-2023,https://www.pro-football-reference.com/players/S/StxxAm00.htm
Equanimeous St. Brown (WR) 2018-2023,WR,2018-2023,https://www.pro-football-reference.com/players/S/St.BEq00.htm
Marquez Stevenson (WR) 2021-2021,WR,2021-2021,https://www.pro-football-reference.com/players/S/StevMa00.htm
Dillon Stoner (WR) 2021-2021,WR,2021-2021,https://www.pro-football-reference.com/players/S/StonDi00.htm
Mike Strachan (WR) 2021-2022,WR,2021-2022,https://www.pro-football-reference.com/players/S/StraMi03.htm
Courtland Sutton (WR) 2018-2023,WR,2018-2023,https://www.pro-football-reference.com/players/S/SuttCo00.htm
Freddie Swain (WR) 2020-2022,WR,2020-2022,https://www.pro-football-reference.com/players/S/SwaiFr00.htm
Auden Tate (WR) 2018-2021,WR,2018-2021,https://www.pro-football-reference.com/players/T/TateAu00.htm
Malik Taylor (WR) 2020-2021,WR,2020-2021,https://www.pro-football-reference.com/players/T/TaylMa01.htm
Deven Thompkins (WR) 2022-2023,WR,2022-2023,https://www.pro-football-reference.com/players/T/ThomDe07.htm
Cody Thompson (WR) 2021-2023,WR,2021-2023,https://www.pro-football-reference.com/players/T/ThomCo04.htm
Tyquan Thornton (WR) 2022-2022,WR,2022-2022,https://www.pro-football-reference.com/players/T/ThorTy00.htm
Cedric Tillman (WR) 2023-2023,WR,2023-2023,https://www.pro-football-reference.com/players/T/TillCe01.htm
Mitchell Tinsley (WR) 2023-2023,WR,2023-2023,https://www.pro-football-reference.com/players/T/TinsMi00.htm
Jalen Tolbert (WR) 2022-2023,WR,2022-2023,https://www.pro-football-reference.com/players/T/TolbJa00.htm
Jalen Tolliver (WR) 2018-2018,WR,2018-2018,https://www.pro-football-reference.com/players/T/TollJa00.htm
Kadarius Toney (WR) 2021-2023,WR,2021-2023,https://www.pro-football-reference.com/players/T/ToneKa00.htm
Samori Toure (WR) 2022-2023,WR,2022-2023,https://www.pro-football-reference.com/players/T/TourSa00.htm
Austin Trammell (WR) 2021-2023,WR,2021-2023,https://www.pro-football-reference.com/players/T/TramAu00.htm
Tre Tucker (WR) 2023-2023,WR,2023-2023,https://www.pro-football-reference.com/players/T/TuckTr00.htm
DJ Turner (WR) 2022-2022,WR,2022-2022,https://www.pro-football-reference.com/players/T/TurnDJ00.htm
Malik Turner (WR) 2018-2022,WR,2018-2022,https://www.pro-football-reference.com/players/T/TurnMa00.htm
KaVontae Turpin (WR) 2022-2023,WR,2022-2023,https://www.pro-football-reference.com/players/T/TurpKa00.htm
John Ursua (WR) 2019-2019,WR,2019-2019,https://www.pro-football-reference.com/players/U/UrsuJo00.htm
Marquez Valdes-Scantling (WR) 2018-2023,WR,2018-2023,https://www.pro-football-reference.com/players/V/ValdMa00.htm
Jordan Veasy (WR) 2021-2021,WR,2021-2021,https://www.pro-football-reference.com/players/V/VeasJo00.htm
Binjimen Victor (WR) 2022-2022,WR,2022-2022,https://www.pro-football-reference.com/players/V/VictBi01.htm
Jalen Virgil (WR) 2022-2022,WR,2022-2022,https://www.pro-football-reference.com/players/V/VirgJa00.htm
Jaylen Waddle (WR) 2021-2023,WR,2021-2023,https://www.pro-football-reference.com/players/W/WaddJa00.htm
Michael Walker (WR) 2019-2019,WR,2019-2019,https://www.pro-football-reference.com/players/W/WalkMi00.htm
Tylan Wallace (WR) 2021-2023,WR,2021-2023,https://www.pro-football-reference.com/players/W/WallTy00.htm
Greg Ward (WR) 2019-2021,WR,2019-2021,https://www.pro-football-reference.com/players/W/WardGr02.htm
James Washington (WR) 2018-2022,WR,2018-2022,https://www.pro-football-reference.com/players/W/WashJa00.htm
Montrell Washington (WR) 2022-2023,WR,2022-2023,https://www.pro-football-reference.com/players/W/WashMo00.htm
Parker Washington (WR) 2023-2023,WR,2023-2023,https://www.pro-football-reference.com/players/W/WashPa01.htm
Scotty Washington (WR) 2022-2022,WR,2022-2022,https://www.pro-football-reference.com/players/W/WashSc00.htm
Quez Watkins (WR) 2020-2023,WR,2020-2023,https://www.pro-football-reference.com/players/W/WatkQu00.htm
Christian Watson (WR) 2022-2023,WR,2022-2023,https://www.pro-football-reference.com/players/W/WatsCh00.htm
Justin Watson (WR) 2018-2023,WR,2018-2023,https://www.pro-football-reference.com/players/W/WatsJu01.htm
Jester Weah (WR) 2019-2019,WR,2019-2019,https://www.pro-football-reference.com/players/W/WeahJe01.htm
Raleigh Webb (WR) 2022-2022,WR,2022-2022,https://www.pro-football-reference.com/players/W/WebbRa02.htm
Nsimba Webster (WR) 2019-2022,WR,2019-2022,https://www.pro-football-reference.com/players/W/WebsNs00.htm
Antoine Wesley (WR) 2021-2021,WR,2021-2021,https://www.pro-football-reference.com/players/W/WeslAn01.htm
Nick Westbrook-Ikhine (WR) 2020-2023,WR,2020-2023,https://www.pro-football-reference.com/players/W/WestNi00.htm
Cody White (WR) 2021-2022,WR,2021-2022,https://www.pro-football-reference.com/players/W/WhitCo05.htm
Tim White (WR) 2018-2018,WR,2018-2018,https://www.pro-football-reference.com/players/W/WhitTi00.htm
Dontayvion Wicks (WR) 2023-2023,WR,2023-2023,https://www.pro-football-reference.com/players/W/WickDo00.htm
Kristian Wilkerson (WR) 2020-2023,WR,2020-2023,https://www.pro-football-reference.com/players/W/WilkKr00.htm
Duke Williams (WR) 2019-2020,WR,2019-2020,https://www.pro-football-reference.com/players/W/WillDu01.htm
Jameson Williams (WR) 2022-2022,WR,2022-2022,https://www.pro-football-reference.com/players/W/WillJa11.htm
Preston Williams (WR) 2019-2022,WR,2019-2022,https://www.pro-football-reference.com/players/W/WillPr01.htm
Seth Williams (WR) 2021-2021,WR,2021-2021,https://www.pro-football-reference.com/players/W/WillSe00.htm
Derrick Willies (WR) 2018-2020,WR,2018-2020,https://www.pro-football-reference.com/players/W/WillDe06.htm
Damion Willis (WR) 2019-2019,WR,2019-2019,https://www.pro-football-reference.com/players/W/WillDa11.htm
Cedrick Wilson Jr. (WR) 2019-2023,WR,2019-2023,https://www.pro-football-reference.com/players/W/WilsCe01.htm
Garrett Wilson (WR) 2022-2023,WR,2022-2023,https://www.pro-football-reference.com/players/W/WilsGa00.htm
Michael Wilson (WR) 2023-2023,WR,2023-2023,https://www.pro-football-reference.com/players/W/WilsMi02.htm
Javon Wims (WR) 2018-2022,WR,2018-2022,https://www.pro-football-reference.com/players/W/WimsJa00.htm
Juwann Winfree (WR) 2019-2023,WR,2019-2023,https://www.pro-football-reference.com/players/W/WinfJu00.htm
Easop Winston (WR) 2021-2021,WR,2021-2021,https://www.pro-football-reference.com/players/W/WinsEa00.htm
Michael Woods II (WR) 2022-2022,WR,2022-2022,https://www.pro-football-reference.com/players/W/WoodMi00.htm
Isaiah Wright (WR) 2020-2020,WR,2020-2020,https://www.pro-football-reference.com/players/W/WrigIs01.htm
Dareke Young (WR) 2022-2022,WR,2022-2022,https://www.pro-football-reference.com/players/Y/YounDa02.htm
Olamide Zaccheaus (WR) 2019-2023,WR,2019-2023,https://www.pro-football-reference.com/players/Z/ZaccOl01.htm
Isaiah Zuber (WR) 2020-2020,WR,2020-2020,https://www.pro-football-reference.com/players/Z/ZubeIs00.htm
Brandon Zylstra (WR) 2018-2022,WR,2018-2022,https://www.pro-football-reference.com/players/Z/ZylsBr00.htm
